{"account": "dad", "value": 98210.95549635055, "cash": 0.0, "fund": {"001621": [27177.955496350547, 27176.935817718666]}, "finance": 50000.0, "security": {"601009": 2700.0}, "transfer": 0}