{"account": "dad", "value": 99848.98106242903, "cash": 0.0, "fund": {"001621": [27168.98106242903, 7159.491677505299]}, "finance": 50000.0, "security": {"601009": 2700.0}, "transfer": 0}