{"account": "dad", "value": 99153.62676777726, "cash": 0.0, "fund": {"001621": [27175.626767777263, 27174.364518545375]}, "finance": 50000.0, "security": {"601009": 2700.0}, "transfer": 0}