{"account": "dad", "value": 100003.69240917501, "cash": 0.0, "fund": {"001621": [30003.692409175004, 29999.3]}, "finance": 50000.0, "security": {"131801": 200.0}, "transfer": 0}