{"account": "dad", "value": 100004.98676846553, "cash": 0.0, "fund": {"001621": [30004.986768465536, 30003.692409175004]}, "finance": 50000.0, "security": {"131801": 200.0}, "transfer": 0}