{"account": "dad", "value": 99988.07569956494, "cash": 0.0, "fund": {"001621": [27173.075699564946, 27168.98106242903]}, "finance": 50000.0, "security": {"601009": 2700.0}, "transfer": 0}