{"account": "dad", "value": 99125.36451854538, "cash": 0.0, "fund": {"001621": [27174.364518545375, 27173.075699564946]}, "finance": 50000.0, "security": {"601009": 2700.0}, "transfer": 0}