{"account": "dad", "value": 99986.86015935222, "cash": 0.0, "fund": {"001621": [27171.860159352214, 27168.98106242903]}, "finance": 50000.0, "security": {"601009": 2700.0}, "transfer": 0}