{"account": "dad", "value": 100001.225866729, "cash": 0.0, "fund": {"001621": [30001.225866729, 29999.3]}, "finance": 50000.0, "security": {"131801": 200.0}, "transfer": 0}