{"account": "dad", "value": 100006.85307864254, "cash": 0.0, "fund": {"001621": [30006.853078642536, 30004.986768465536]}, "finance": 50000.0, "security": {"131801": 200.0}, "transfer": 0}