{"account": "dad", "value": 99985.64461913948, "cash": 0.0, "fund": {"001621": [27170.644619139483, 27168.98106242903]}, "finance": 50000.0, "security": {"601009": 2700.0}, "transfer": 0}