{"account": "dad", "value": 98884.93581771867, "cash": 0.0, "fund": {"001621": [27176.935817718666, 27175.626767777263]}, "finance": 50000.0, "security": {"601009": 2700.0}, "transfer": 0}