{"account": "dad", "value": 100002.459137952, "cash": 0.0, "fund": {"001621": [30002.459137952002, 29999.3]}, "finance": 50000.0, "security": {"131801": 200.0}, "transfer": 0}